City,NGO_Name,Volunteer_ID,Volunteer_Name,Role,Age,Contact_Number,Email
Chandigarh,HealthFirst,CHA_HEA_001,Volunteer_8539,Medical Assistant,27,+91-9606536464,volunteer_8539@healthfirst.org
Chandigarh,HealthFirst,CHA_HEA_002,Volunteer_4575,Field Volunteer,41,+91-8193054579,volunteer_4575@healthfirst.org
Chandigarh,HealthFirst,CHA_HEA_003,Volunteer_9871,Data Analyst,42,+91-9763689682,volunteer_9871@healthfirst.org
Chandigarh,HealthFirst,CHA_HEA_004,Volunteer_9836,Awareness Campaigner,42,+91-9570794129,volunteer_9836@healthfirst.org
Chandigarh,HealthFirst,CHA_HEA_005,Volunteer_2120,Medical Assistant,41,+91-8782077924,volunteer_2120@healthfirst.org
Chandigarh,HealthFirst,CHA_HEA_006,Volunteer_9207,Coordinator,47,+91-9742922878,volunteer_9207@healthfirst.org
Chandigarh,HealthFirst,CHA_HEA_007,Volunteer_7749,Coordinator,36,+91-8157162386,volunteer_7749@healthfirst.org
Chandigarh,HealthFirst,CHA_HEA_008,Volunteer_5690,Data Analyst,31,+91-7539540353,volunteer_5690@healthfirst.org
Chandigarh,HealthFirst,CHA_HEA_009,Volunteer_9597,Coordinator,18,+91-8749236126,volunteer_9597@healthfirst.org
Chandigarh,HealthFirst,CHA_HEA_010,Volunteer_4218,Awareness Campaigner,23,+91-8529941496,volunteer_4218@healthfirst.org
Chandigarh,HealthFirst,CHA_HEA_011,Volunteer_1094,Field Volunteer,24,+91-8098104077,volunteer_1094@healthfirst.org
Chandigarh,HealthFirst,CHA_HEA_012,Volunteer_1024,Field Volunteer,35,+91-7739541081,volunteer_1024@healthfirst.org
Chandigarh,HealthFirst,CHA_HEA_013,Volunteer_3051,Medical Assistant,33,+91-9768099109,volunteer_3051@healthfirst.org
Chandigarh,HealthFirst,CHA_HEA_014,Volunteer_8395,Medical Assistant,29,+91-7557902001,volunteer_8395@healthfirst.org
Chandigarh,HealthFirst,CHA_HEA_015,Volunteer_9386,Medical Assistant,45,+91-7820053027,volunteer_9386@healthfirst.org
Chandigarh,HealthFirst,CHA_HEA_016,Volunteer_5471,Data Analyst,40,+91-8868952337,volunteer_5471@healthfirst.org
Chandigarh,HealthFirst,CHA_HEA_017,Volunteer_5174,Medical Assistant,38,+91-7569703087,volunteer_5174@healthfirst.org
Chandigarh,HealthFirst,CHA_HEA_018,Volunteer_1924,Medical Assistant,43,+91-9990165671,volunteer_1924@healthfirst.org
Chandigarh,HealthFirst,CHA_HEA_019,Volunteer_3125,Medical Assistant,27,+91-8974569524,volunteer_3125@healthfirst.org
Chandigarh,HealthFirst,CHA_HEA_020,Volunteer_5745,Data Analyst,24,+91-8443922662,volunteer_5745@healthfirst.org
Chandigarh,CareConnect,CHA_CAR_001,Volunteer_8005,Awareness Campaigner,38,+91-7129829557,volunteer_8005@careconnect.org
Chandigarh,CareConnect,CHA_CAR_002,Volunteer_2136,Medical Assistant,29,+91-7207713134,volunteer_2136@careconnect.org
Chandigarh,CareConnect,CHA_CAR_003,Volunteer_4885,Coordinator,25,+91-9751113122,volunteer_4885@careconnect.org
Chandigarh,CareConnect,CHA_CAR_004,Volunteer_5630,Coordinator,39,+91-7192474274,volunteer_5630@careconnect.org
Chandigarh,CareConnect,CHA_CAR_005,Volunteer_3872,Medical Assistant,19,+91-7359715999,volunteer_3872@careconnect.org
Chandigarh,CareConnect,CHA_CAR_006,Volunteer_7259,Coordinator,37,+91-9679925282,volunteer_7259@careconnect.org
Chandigarh,CareConnect,CHA_CAR_007,Volunteer_4596,Data Analyst,41,+91-7787613685,volunteer_4596@careconnect.org
Chandigarh,CareConnect,CHA_CAR_008,Volunteer_3122,Coordinator,25,+91-9621131843,volunteer_3122@careconnect.org
Chandigarh,CareConnect,CHA_CAR_009,Volunteer_5921,Coordinator,29,+91-7656816792,volunteer_5921@careconnect.org
Chandigarh,CareConnect,CHA_CAR_010,Volunteer_9516,Awareness Campaigner,49,+91-8419689351,volunteer_9516@careconnect.org
Chandigarh,CareConnect,CHA_CAR_011,Volunteer_1263,Data Analyst,37,+91-8156828945,volunteer_1263@careconnect.org
Chandigarh,CareConnect,CHA_CAR_012,Volunteer_5278,Data Analyst,43,+91-8404917345,volunteer_5278@careconnect.org
Chandigarh,CareConnect,CHA_CAR_013,Volunteer_9334,Awareness Campaigner,19,+91-9379649951,volunteer_9334@careconnect.org
Chandigarh,CareConnect,CHA_CAR_014,Volunteer_3560,Awareness Campaigner,25,+91-8680250021,volunteer_3560@careconnect.org
Chandigarh,CareConnect,CHA_CAR_015,Volunteer_2086,Field Volunteer,38,+91-9586857113,volunteer_2086@careconnect.org
Chandigarh,CareConnect,CHA_CAR_016,Volunteer_4398,Awareness Campaigner,34,+91-9257597768,volunteer_4398@careconnect.org
Chandigarh,CareConnect,CHA_CAR_017,Volunteer_7931,Data Analyst,35,+91-8654623608,volunteer_7931@careconnect.org
Chandigarh,CareConnect,CHA_CAR_018,Volunteer_5584,Awareness Campaigner,40,+91-9483262269,volunteer_5584@careconnect.org
Chandigarh,CareConnect,CHA_CAR_019,Volunteer_9566,Field Volunteer,45,+91-7916196598,volunteer_9566@careconnect.org
Chandigarh,CareConnect,CHA_CAR_020,Volunteer_6566,Data Analyst,20,+91-8225686023,volunteer_6566@careconnect.org
Chandigarh,ReliefAid,CHA_REL_001,Volunteer_1807,Field Volunteer,21,+91-9244608627,volunteer_1807@reliefaid.org
Chandigarh,ReliefAid,CHA_REL_002,Volunteer_6604,Medical Assistant,30,+91-8941943076,volunteer_6604@reliefaid.org
Chandigarh,ReliefAid,CHA_REL_003,Volunteer_6818,Field Volunteer,28,+91-7659429728,volunteer_6818@reliefaid.org
Chandigarh,ReliefAid,CHA_REL_004,Volunteer_5732,Awareness Campaigner,30,+91-7407674977,volunteer_5732@reliefaid.org
Chandigarh,ReliefAid,CHA_REL_005,Volunteer_8700,Coordinator,47,+91-9283573972,volunteer_8700@reliefaid.org
Chandigarh,ReliefAid,CHA_REL_006,Volunteer_6606,Medical Assistant,47,+91-9470755932,volunteer_6606@reliefaid.org
Chandigarh,ReliefAid,CHA_REL_007,Volunteer_2171,Coordinator,41,+91-8916961722,volunteer_2171@reliefaid.org
Chandigarh,ReliefAid,CHA_REL_008,Volunteer_4323,Awareness Campaigner,37,+91-8545186692,volunteer_4323@reliefaid.org
Chandigarh,ReliefAid,CHA_REL_009,Volunteer_3103,Field Volunteer,21,+91-7847397164,volunteer_3103@reliefaid.org
Chandigarh,ReliefAid,CHA_REL_010,Volunteer_8770,Coordinator,41,+91-9509093449,volunteer_8770@reliefaid.org
Chandigarh,ReliefAid,CHA_REL_011,Volunteer_1571,Awareness Campaigner,35,+91-9903845855,volunteer_1571@reliefaid.org
Chandigarh,ReliefAid,CHA_REL_012,Volunteer_6041,Data Analyst,25,+91-9792501876,volunteer_6041@reliefaid.org
Chandigarh,ReliefAid,CHA_REL_013,Volunteer_9549,Data Analyst,18,+91-9707171199,volunteer_9549@reliefaid.org
Chandigarh,ReliefAid,CHA_REL_014,Volunteer_4959,Coordinator,25,+91-7054625808,volunteer_4959@reliefaid.org
Chandigarh,ReliefAid,CHA_REL_015,Volunteer_5864,Medical Assistant,21,+91-9254633919,volunteer_5864@reliefaid.org
Chandigarh,ReliefAid,CHA_REL_016,Volunteer_6701,Coordinator,29,+91-7122360184,volunteer_6701@reliefaid.org
Chandigarh,ReliefAid,CHA_REL_017,Volunteer_7877,Awareness Campaigner,36,+91-8202273915,volunteer_7877@reliefaid.org
Chandigarh,ReliefAid,CHA_REL_018,Volunteer_2214,Awareness Campaigner,33,+91-7890777861,volunteer_2214@reliefaid.org
Chandigarh,ReliefAid,CHA_REL_019,Volunteer_5431,Awareness Campaigner,44,+91-9162746048,volunteer_5431@reliefaid.org
Chandigarh,ReliefAid,CHA_REL_020,Volunteer_6499,Medical Assistant,36,+91-9299842229,volunteer_6499@reliefaid.org
Chandigarh,MedServe,CHA_MED_001,Volunteer_3234,Coordinator,46,+91-8974376481,volunteer_3234@medserve.org
Chandigarh,MedServe,CHA_MED_002,Volunteer_7384,Awareness Campaigner,29,+91-7629545334,volunteer_7384@medserve.org
Chandigarh,MedServe,CHA_MED_003,Volunteer_1172,Coordinator,34,+91-7662494704,volunteer_1172@medserve.org
Chandigarh,MedServe,CHA_MED_004,Volunteer_2997,Awareness Campaigner,23,+91-7485718362,volunteer_2997@medserve.org
Chandigarh,MedServe,CHA_MED_005,Volunteer_2306,Awareness Campaigner,38,+91-7694215372,volunteer_2306@medserve.org
Chandigarh,MedServe,CHA_MED_006,Volunteer_1726,Field Volunteer,35,+91-7613436511,volunteer_1726@medserve.org
Chandigarh,MedServe,CHA_MED_007,Volunteer_9626,Awareness Campaigner,33,+91-7923216050,volunteer_9626@medserve.org
Chandigarh,MedServe,CHA_MED_008,Volunteer_4972,Data Analyst,41,+91-8946545810,volunteer_4972@medserve.org
Chandigarh,MedServe,CHA_MED_009,Volunteer_7105,Coordinator,31,+91-9922443652,volunteer_7105@medserve.org
Chandigarh,MedServe,CHA_MED_010,Volunteer_7239,Awareness Campaigner,40,+91-8455261625,volunteer_7239@medserve.org
Chandigarh,MedServe,CHA_MED_011,Volunteer_9547,Data Analyst,31,+91-8022309881,volunteer_9547@medserve.org
Chandigarh,MedServe,CHA_MED_012,Volunteer_4352,Awareness Campaigner,19,+91-9067885309,volunteer_4352@medserve.org
Chandigarh,MedServe,CHA_MED_013,Volunteer_8901,Medical Assistant,50,+91-7542571145,volunteer_8901@medserve.org
Chandigarh,MedServe,CHA_MED_014,Volunteer_5558,Data Analyst,44,+91-8080374610,volunteer_5558@medserve.org
Chandigarh,MedServe,CHA_MED_015,Volunteer_4433,Awareness Campaigner,47,+91-9815786331,volunteer_4433@medserve.org
Chandigarh,MedServe,CHA_MED_016,Volunteer_6198,Medical Assistant,25,+91-7831277462,volunteer_6198@medserve.org
Chandigarh,MedServe,CHA_MED_017,Volunteer_3233,Field Volunteer,49,+91-8131416852,volunteer_3233@medserve.org
Chandigarh,MedServe,CHA_MED_018,Volunteer_2009,Medical Assistant,46,+91-7004299513,volunteer_2009@medserve.org
Chandigarh,MedServe,CHA_MED_019,Volunteer_1360,Medical Assistant,28,+91-7193882615,volunteer_1360@medserve.org
Chandigarh,MedServe,CHA_MED_020,Volunteer_6918,Awareness Campaigner,20,+91-9330063099,volunteer_6918@medserve.org
Chandigarh,HopeBridge,CHA_HOP_001,Volunteer_7926,Field Volunteer,27,+91-8116341191,volunteer_7926@hopebridge.org
Chandigarh,HopeBridge,CHA_HOP_002,Volunteer_5149,Awareness Campaigner,26,+91-7094434197,volunteer_5149@hopebridge.org
Chandigarh,HopeBridge,CHA_HOP_003,Volunteer_2732,Data Analyst,34,+91-8255251084,volunteer_2732@hopebridge.org
Chandigarh,HopeBridge,CHA_HOP_004,Volunteer_4814,Awareness Campaigner,30,+91-9460345281,volunteer_4814@hopebridge.org
Chandigarh,HopeBridge,CHA_HOP_005,Volunteer_5585,Medical Assistant,19,+91-8399075921,volunteer_5585@hopebridge.org
Chandigarh,HopeBridge,CHA_HOP_006,Volunteer_2634,Awareness Campaigner,18,+91-7039447827,volunteer_2634@hopebridge.org
Chandigarh,HopeBridge,CHA_HOP_007,Volunteer_3345,Coordinator,50,+91-9906020039,volunteer_3345@hopebridge.org
Chandigarh,HopeBridge,CHA_HOP_008,Volunteer_7526,Awareness Campaigner,35,+91-9020770635,volunteer_7526@hopebridge.org
Chandigarh,HopeBridge,CHA_HOP_009,Volunteer_6278,Coordinator,34,+91-9192914572,volunteer_6278@hopebridge.org
Chandigarh,HopeBridge,CHA_HOP_010,Volunteer_3555,Field Volunteer,41,+91-8036901771,volunteer_3555@hopebridge.org
Chandigarh,HopeBridge,CHA_HOP_011,Volunteer_4024,Field Volunteer,39,+91-9310830458,volunteer_4024@hopebridge.org
Chandigarh,HopeBridge,CHA_HOP_012,Volunteer_7916,Medical Assistant,29,+91-9966879510,volunteer_7916@hopebridge.org
Chandigarh,HopeBridge,CHA_HOP_013,Volunteer_9538,Awareness Campaigner,36,+91-8121319945,volunteer_9538@hopebridge.org
Chandigarh,HopeBridge,CHA_HOP_014,Volunteer_6316,Field Volunteer,46,+91-8465786529,volunteer_6316@hopebridge.org
Chandigarh,HopeBridge,CHA_HOP_015,Volunteer_2385,Field Volunteer,26,+91-8663970103,volunteer_2385@hopebridge.org
Chandigarh,HopeBridge,CHA_HOP_016,Volunteer_9177,Coordinator,18,+91-8579453135,volunteer_9177@hopebridge.org
Chandigarh,HopeBridge,CHA_HOP_017,Volunteer_4693,Field Volunteer,20,+91-9590009653,volunteer_4693@hopebridge.org
Chandigarh,HopeBridge,CHA_HOP_018,Volunteer_5400,Field Volunteer,35,+91-9835038603,volunteer_5400@hopebridge.org
Chandigarh,HopeBridge,CHA_HOP_019,Volunteer_7300,Data Analyst,50,+91-8240135139,volunteer_7300@hopebridge.org
Chandigarh,HopeBridge,CHA_HOP_020,Volunteer_3310,Field Volunteer,18,+91-8896083850,volunteer_3310@hopebridge.org
Ludhiana,HealthFirst,LUD_HEA_001,Volunteer_6001,Field Volunteer,23,+91-8667669234,volunteer_6001@healthfirst.org
Ludhiana,HealthFirst,LUD_HEA_002,Volunteer_8941,Field Volunteer,42,+91-7382713285,volunteer_8941@healthfirst.org
Ludhiana,HealthFirst,LUD_HEA_003,Volunteer_9591,Awareness Campaigner,45,+91-7390525044,volunteer_9591@healthfirst.org
Ludhiana,HealthFirst,LUD_HEA_004,Volunteer_2296,Medical Assistant,21,+91-7418251785,volunteer_2296@healthfirst.org
Ludhiana,HealthFirst,LUD_HEA_005,Volunteer_5498,Data Analyst,47,+91-8696203943,volunteer_5498@healthfirst.org
Ludhiana,HealthFirst,LUD_HEA_006,Volunteer_6718,Field Volunteer,26,+91-8767222343,volunteer_6718@healthfirst.org
Ludhiana,HealthFirst,LUD_HEA_007,Volunteer_6676,Field Volunteer,49,+91-9785190190,volunteer_6676@healthfirst.org
Ludhiana,HealthFirst,LUD_HEA_008,Volunteer_4831,Awareness Campaigner,48,+91-9381020515,volunteer_4831@healthfirst.org
Ludhiana,HealthFirst,LUD_HEA_009,Volunteer_7426,Data Analyst,30,+91-7340357056,volunteer_7426@healthfirst.org
Ludhiana,HealthFirst,LUD_HEA_010,Volunteer_1108,Awareness Campaigner,18,+91-7522015949,volunteer_1108@healthfirst.org
Ludhiana,HealthFirst,LUD_HEA_011,Volunteer_9252,Field Volunteer,27,+91-9640544096,volunteer_9252@healthfirst.org
Ludhiana,HealthFirst,LUD_HEA_012,Volunteer_2693,Medical Assistant,50,+91-9531200716,volunteer_2693@healthfirst.org
Ludhiana,HealthFirst,LUD_HEA_013,Volunteer_3934,Awareness Campaigner,23,+91-8814455985,volunteer_3934@healthfirst.org
Ludhiana,HealthFirst,LUD_HEA_014,Volunteer_9086,Coordinator,39,+91-7562967295,volunteer_9086@healthfirst.org
Ludhiana,HealthFirst,LUD_HEA_015,Volunteer_5636,Medical Assistant,48,+91-8388381200,volunteer_5636@healthfirst.org
Ludhiana,HealthFirst,LUD_HEA_016,Volunteer_4505,Medical Assistant,35,+91-8222026231,volunteer_4505@healthfirst.org
Ludhiana,HealthFirst,LUD_HEA_017,Volunteer_6728,Medical Assistant,37,+91-7720111738,volunteer_6728@healthfirst.org
Ludhiana,HealthFirst,LUD_HEA_018,Volunteer_5620,Medical Assistant,40,+91-7778475189,volunteer_5620@healthfirst.org
Ludhiana,HealthFirst,LUD_HEA_019,Volunteer_2669,Data Analyst,20,+91-7941500419,volunteer_2669@healthfirst.org
Ludhiana,HealthFirst,LUD_HEA_020,Volunteer_1871,Field Volunteer,19,+91-9721640601,volunteer_1871@healthfirst.org
Ludhiana,CareConnect,LUD_CAR_001,Volunteer_7648,Field Volunteer,31,+91-8542186270,volunteer_7648@careconnect.org
Ludhiana,CareConnect,LUD_CAR_002,Volunteer_7169,Awareness Campaigner,35,+91-9599169268,volunteer_7169@careconnect.org
Ludhiana,CareConnect,LUD_CAR_003,Volunteer_6097,Data Analyst,21,+91-9555981748,volunteer_6097@careconnect.org
Ludhiana,CareConnect,LUD_CAR_004,Volunteer_8394,Awareness Campaigner,35,+91-7707656684,volunteer_8394@careconnect.org
Ludhiana,CareConnect,LUD_CAR_005,Volunteer_8588,Coordinator,22,+91-8230987716,volunteer_8588@careconnect.org
Ludhiana,CareConnect,LUD_CAR_006,Volunteer_3689,Field Volunteer,40,+91-9076218845,volunteer_3689@careconnect.org
Ludhiana,CareConnect,LUD_CAR_007,Volunteer_7687,Field Volunteer,49,+91-9875467565,volunteer_7687@careconnect.org
Ludhiana,CareConnect,LUD_CAR_008,Volunteer_2795,Awareness Campaigner,37,+91-8100248338,volunteer_2795@careconnect.org
Ludhiana,CareConnect,LUD_CAR_009,Volunteer_8195,Field Volunteer,18,+91-9178044565,volunteer_8195@careconnect.org
Ludhiana,CareConnect,LUD_CAR_010,Volunteer_3948,Coordinator,43,+91-7725478888,volunteer_3948@careconnect.org
Ludhiana,CareConnect,LUD_CAR_011,Volunteer_4024,Data Analyst,35,+91-9586066914,volunteer_4024@careconnect.org
Ludhiana,CareConnect,LUD_CAR_012,Volunteer_9468,Medical Assistant,48,+91-9302164279,volunteer_9468@careconnect.org
Ludhiana,CareConnect,LUD_CAR_013,Volunteer_7493,Medical Assistant,47,+91-9467019108,volunteer_7493@careconnect.org
Ludhiana,CareConnect,LUD_CAR_014,Volunteer_2089,Medical Assistant,32,+91-8199328709,volunteer_2089@careconnect.org
Ludhiana,CareConnect,LUD_CAR_015,Volunteer_8073,Medical Assistant,35,+91-9803575056,volunteer_8073@careconnect.org
Ludhiana,CareConnect,LUD_CAR_016,Volunteer_5149,Field Volunteer,28,+91-9797502610,volunteer_5149@careconnect.org
Ludhiana,CareConnect,LUD_CAR_017,Volunteer_7149,Data Analyst,38,+91-8510694225,volunteer_7149@careconnect.org
Ludhiana,CareConnect,LUD_CAR_018,Volunteer_9556,Coordinator,32,+91-8707355849,volunteer_9556@careconnect.org
Ludhiana,CareConnect,LUD_CAR_019,Volunteer_6724,Awareness Campaigner,40,+91-9213450128,volunteer_6724@careconnect.org
Ludhiana,CareConnect,LUD_CAR_020,Volunteer_8060,Coordinator,33,+91-9969604012,volunteer_8060@careconnect.org
Ludhiana,ReliefAid,LUD_REL_001,Volunteer_4298,Data Analyst,48,+91-8343728212,volunteer_4298@reliefaid.org
Ludhiana,ReliefAid,LUD_REL_002,Volunteer_1408,Medical Assistant,19,+91-7092545358,volunteer_1408@reliefaid.org
Ludhiana,ReliefAid,LUD_REL_003,Volunteer_4862,Awareness Campaigner,48,+91-8010964272,volunteer_4862@reliefaid.org
Ludhiana,ReliefAid,LUD_REL_004,Volunteer_3491,Coordinator,22,+91-8205395805,volunteer_3491@reliefaid.org
Ludhiana,ReliefAid,LUD_REL_005,Volunteer_1839,Awareness Campaigner,29,+91-8641455029,volunteer_1839@reliefaid.org
Ludhiana,ReliefAid,LUD_REL_006,Volunteer_5675,Coordinator,29,+91-9231613305,volunteer_5675@reliefaid.org
Ludhiana,ReliefAid,LUD_REL_007,Volunteer_3667,Data Analyst,20,+91-8322980436,volunteer_3667@reliefaid.org
Ludhiana,ReliefAid,LUD_REL_008,Volunteer_3210,Awareness Campaigner,35,+91-9049424752,volunteer_3210@reliefaid.org
Ludhiana,ReliefAid,LUD_REL_009,Volunteer_3764,Coordinator,36,+91-7332518397,volunteer_3764@reliefaid.org
Ludhiana,ReliefAid,LUD_REL_010,Volunteer_2878,Awareness Campaigner,36,+91-9618749915,volunteer_2878@reliefaid.org
Ludhiana,ReliefAid,LUD_REL_011,Volunteer_5047,Data Analyst,42,+91-7191522237,volunteer_5047@reliefaid.org
Ludhiana,ReliefAid,LUD_REL_012,Volunteer_1486,Medical Assistant,46,+91-7937924153,volunteer_1486@reliefaid.org
Ludhiana,ReliefAid,LUD_REL_013,Volunteer_9946,Data Analyst,40,+91-7392424688,volunteer_9946@reliefaid.org
Ludhiana,ReliefAid,LUD_REL_014,Volunteer_7023,Coordinator,20,+91-9256385479,volunteer_7023@reliefaid.org
Ludhiana,ReliefAid,LUD_REL_015,Volunteer_5372,Coordinator,49,+91-9315215322,volunteer_5372@reliefaid.org
Ludhiana,ReliefAid,LUD_REL_016,Volunteer_6549,Awareness Campaigner,26,+91-8968217552,volunteer_6549@reliefaid.org
Ludhiana,ReliefAid,LUD_REL_017,Volunteer_5491,Medical Assistant,27,+91-9949019874,volunteer_5491@reliefaid.org
Ludhiana,ReliefAid,LUD_REL_018,Volunteer_4430,Field Volunteer,49,+91-7611384482,volunteer_4430@reliefaid.org
Ludhiana,ReliefAid,LUD_REL_019,Volunteer_1534,Medical Assistant,30,+91-8400609869,volunteer_1534@reliefaid.org
Ludhiana,ReliefAid,LUD_REL_020,Volunteer_6448,Awareness Campaigner,41,+91-8773777427,volunteer_6448@reliefaid.org
Ludhiana,MedServe,LUD_MED_001,Volunteer_5774,Coordinator,42,+91-9821025305,volunteer_5774@medserve.org
Ludhiana,MedServe,LUD_MED_002,Volunteer_6015,Coordinator,37,+91-7413471137,volunteer_6015@medserve.org
Ludhiana,MedServe,LUD_MED_003,Volunteer_9743,Coordinator,39,+91-9474802268,volunteer_9743@medserve.org
Ludhiana,MedServe,LUD_MED_004,Volunteer_9976,Field Volunteer,18,+91-9171101498,volunteer_9976@medserve.org
Ludhiana,MedServe,LUD_MED_005,Volunteer_7230,Medical Assistant,37,+91-8699705849,volunteer_7230@medserve.org
Ludhiana,MedServe,LUD_MED_006,Volunteer_2414,Medical Assistant,30,+91-7961280542,volunteer_2414@medserve.org
Ludhiana,MedServe,LUD_MED_007,Volunteer_4979,Coordinator,29,+91-9813285952,volunteer_4979@medserve.org
Ludhiana,MedServe,LUD_MED_008,Volunteer_7579,Data Analyst,44,+91-7752869655,volunteer_7579@medserve.org
Ludhiana,MedServe,LUD_MED_009,Volunteer_7740,Data Analyst,21,+91-7321031471,volunteer_7740@medserve.org
Ludhiana,MedServe,LUD_MED_010,Volunteer_3413,Field Volunteer,47,+91-9485958037,volunteer_3413@medserve.org
Ludhiana,MedServe,LUD_MED_011,Volunteer_1764,Medical Assistant,45,+91-8330213851,volunteer_1764@medserve.org
Ludhiana,MedServe,LUD_MED_012,Volunteer_6538,Data Analyst,34,+91-8068011866,volunteer_6538@medserve.org
Ludhiana,MedServe,LUD_MED_013,Volunteer_3769,Awareness Campaigner,21,+91-9062860742,volunteer_3769@medserve.org
Ludhiana,MedServe,LUD_MED_014,Volunteer_2813,Medical Assistant,39,+91-9119219490,volunteer_2813@medserve.org
Ludhiana,MedServe,LUD_MED_015,Volunteer_7150,Field Volunteer,50,+91-7698796856,volunteer_7150@medserve.org
Ludhiana,MedServe,LUD_MED_016,Volunteer_3438,Field Volunteer,44,+91-7454355049,volunteer_3438@medserve.org
Ludhiana,MedServe,LUD_MED_017,Volunteer_9810,Data Analyst,31,+91-9662737055,volunteer_9810@medserve.org
Ludhiana,MedServe,LUD_MED_018,Volunteer_3805,Awareness Campaigner,47,+91-9884907226,volunteer_3805@medserve.org
Ludhiana,MedServe,LUD_MED_019,Volunteer_7661,Awareness Campaigner,37,+91-7164505669,volunteer_7661@medserve.org
Ludhiana,MedServe,LUD_MED_020,Volunteer_5736,Awareness Campaigner,21,+91-8078897220,volunteer_5736@medserve.org
Ludhiana,HopeBridge,LUD_HOP_001,Volunteer_8897,Medical Assistant,29,+91-7065224617,volunteer_8897@hopebridge.org
Ludhiana,HopeBridge,LUD_HOP_002,Volunteer_9140,Awareness Campaigner,30,+91-8196440032,volunteer_9140@hopebridge.org
Ludhiana,HopeBridge,LUD_HOP_003,Volunteer_2920,Medical Assistant,44,+91-9222573973,volunteer_2920@hopebridge.org
Ludhiana,HopeBridge,LUD_HOP_004,Volunteer_8138,Coordinator,19,+91-9530292694,volunteer_8138@hopebridge.org
Ludhiana,HopeBridge,LUD_HOP_005,Volunteer_1891,Medical Assistant,28,+91-8806339374,volunteer_1891@hopebridge.org
Ludhiana,HopeBridge,LUD_HOP_006,Volunteer_3093,Awareness Campaigner,31,+91-9371848375,volunteer_3093@hopebridge.org
Ludhiana,HopeBridge,LUD_HOP_007,Volunteer_2084,Awareness Campaigner,25,+91-8397736827,volunteer_2084@hopebridge.org
Ludhiana,HopeBridge,LUD_HOP_008,Volunteer_1933,Awareness Campaigner,28,+91-9778898365,volunteer_1933@hopebridge.org
Ludhiana,HopeBridge,LUD_HOP_009,Volunteer_4679,Medical Assistant,42,+91-7076085498,volunteer_4679@hopebridge.org
Ludhiana,HopeBridge,LUD_HOP_010,Volunteer_8747,Field Volunteer,34,+91-8034105926,volunteer_8747@hopebridge.org
Ludhiana,HopeBridge,LUD_HOP_011,Volunteer_2843,Field Volunteer,42,+91-8561615238,volunteer_2843@hopebridge.org
Ludhiana,HopeBridge,LUD_HOP_012,Volunteer_5428,Awareness Campaigner,44,+91-8001310579,volunteer_5428@hopebridge.org
Ludhiana,HopeBridge,LUD_HOP_013,Volunteer_7113,Awareness Campaigner,38,+91-7166729921,volunteer_7113@hopebridge.org
Ludhiana,HopeBridge,LUD_HOP_014,Volunteer_1218,Data Analyst,50,+91-7694254698,volunteer_1218@hopebridge.org
Ludhiana,HopeBridge,LUD_HOP_015,Volunteer_1613,Awareness Campaigner,40,+91-9120287504,volunteer_1613@hopebridge.org
Ludhiana,HopeBridge,LUD_HOP_016,Volunteer_5599,Awareness Campaigner,50,+91-9217664203,volunteer_5599@hopebridge.org
Ludhiana,HopeBridge,LUD_HOP_017,Volunteer_9102,Coordinator,40,+91-9165726424,volunteer_9102@hopebridge.org
Ludhiana,HopeBridge,LUD_HOP_018,Volunteer_5145,Data Analyst,27,+91-9722741920,volunteer_5145@hopebridge.org
Ludhiana,HopeBridge,LUD_HOP_019,Volunteer_6353,Coordinator,18,+91-8114776519,volunteer_6353@hopebridge.org
Ludhiana,HopeBridge,LUD_HOP_020,Volunteer_7647,Data Analyst,43,+91-9828093984,volunteer_7647@hopebridge.org
Amritsar,HealthFirst,AMR_HEA_001,Volunteer_9984,Awareness Campaigner,24,+91-9484440871,volunteer_9984@healthfirst.org
Amritsar,HealthFirst,AMR_HEA_002,Volunteer_8900,Medical Assistant,43,+91-7472587564,volunteer_8900@healthfirst.org
Amritsar,HealthFirst,AMR_HEA_003,Volunteer_8982,Field Volunteer,22,+91-7468280095,volunteer_8982@healthfirst.org
Amritsar,HealthFirst,AMR_HEA_004,Volunteer_2831,Awareness Campaigner,22,+91-9959584684,volunteer_2831@healthfirst.org
Amritsar,HealthFirst,AMR_HEA_005,Volunteer_8903,Data Analyst,50,+91-9582342256,volunteer_8903@healthfirst.org
Amritsar,HealthFirst,AMR_HEA_006,Volunteer_4805,Awareness Campaigner,36,+91-7052985823,volunteer_4805@healthfirst.org
Amritsar,HealthFirst,AMR_HEA_007,Volunteer_7558,Awareness Campaigner,30,+91-8216816289,volunteer_7558@healthfirst.org
Amritsar,HealthFirst,AMR_HEA_008,Volunteer_4427,Data Analyst,47,+91-8299125859,volunteer_4427@healthfirst.org
Amritsar,HealthFirst,AMR_HEA_009,Volunteer_5172,Coordinator,20,+91-7292572442,volunteer_5172@healthfirst.org
Amritsar,HealthFirst,AMR_HEA_010,Volunteer_4681,Field Volunteer,45,+91-8285214185,volunteer_4681@healthfirst.org
Amritsar,HealthFirst,AMR_HEA_011,Volunteer_8754,Data Analyst,22,+91-9262540556,volunteer_8754@healthfirst.org
Amritsar,HealthFirst,AMR_HEA_012,Volunteer_7104,Field Volunteer,20,+91-9593971913,volunteer_7104@healthfirst.org
Amritsar,HealthFirst,AMR_HEA_013,Volunteer_2790,Data Analyst,21,+91-8017155404,volunteer_2790@healthfirst.org
Amritsar,HealthFirst,AMR_HEA_014,Volunteer_4974,Awareness Campaigner,28,+91-7146719986,volunteer_4974@healthfirst.org
Amritsar,HealthFirst,AMR_HEA_015,Volunteer_1222,Medical Assistant,34,+91-7485955590,volunteer_1222@healthfirst.org
Amritsar,HealthFirst,AMR_HEA_016,Volunteer_4448,Field Volunteer,28,+91-9316185925,volunteer_4448@healthfirst.org
Amritsar,HealthFirst,AMR_HEA_017,Volunteer_3233,Field Volunteer,40,+91-8048923578,volunteer_3233@healthfirst.org
Amritsar,HealthFirst,AMR_HEA_018,Volunteer_1381,Awareness Campaigner,23,+91-7686669111,volunteer_1381@healthfirst.org
Amritsar,HealthFirst,AMR_HEA_019,Volunteer_1899,Medical Assistant,20,+91-9732035327,volunteer_1899@healthfirst.org
Amritsar,HealthFirst,AMR_HEA_020,Volunteer_4236,Awareness Campaigner,34,+91-7470368202,volunteer_4236@healthfirst.org
Amritsar,CareConnect,AMR_CAR_001,Volunteer_4375,Coordinator,46,+91-9679229078,volunteer_4375@careconnect.org
Amritsar,CareConnect,AMR_CAR_002,Volunteer_6264,Medical Assistant,42,+91-7665478310,volunteer_6264@careconnect.org
Amritsar,CareConnect,AMR_CAR_003,Volunteer_7574,Field Volunteer,40,+91-7723252326,volunteer_7574@careconnect.org
Amritsar,CareConnect,AMR_CAR_004,Volunteer_8558,Coordinator,26,+91-7889182317,volunteer_8558@careconnect.org
Amritsar,CareConnect,AMR_CAR_005,Volunteer_5187,Field Volunteer,44,+91-8648057989,volunteer_5187@careconnect.org
Amritsar,CareConnect,AMR_CAR_006,Volunteer_1864,Medical Assistant,49,+91-8532964014,volunteer_1864@careconnect.org
Amritsar,CareConnect,AMR_CAR_007,Volunteer_8603,Data Analyst,38,+91-7873973245,volunteer_8603@careconnect.org
Amritsar,CareConnect,AMR_CAR_008,Volunteer_9514,Data Analyst,47,+91-9613942334,volunteer_9514@careconnect.org
Amritsar,CareConnect,AMR_CAR_009,Volunteer_9047,Field Volunteer,29,+91-9585032250,volunteer_9047@careconnect.org
Amritsar,CareConnect,AMR_CAR_010,Volunteer_2383,Coordinator,22,+91-7858819515,volunteer_2383@careconnect.org
Amritsar,CareConnect,AMR_CAR_011,Volunteer_5887,Coordinator,30,+91-7169838530,volunteer_5887@careconnect.org
Amritsar,CareConnect,AMR_CAR_012,Volunteer_1608,Awareness Campaigner,26,+91-7582343683,volunteer_1608@careconnect.org
Amritsar,CareConnect,AMR_CAR_013,Volunteer_8893,Data Analyst,31,+91-7857784351,volunteer_8893@careconnect.org
Amritsar,CareConnect,AMR_CAR_014,Volunteer_5688,Coordinator,20,+91-7582780196,volunteer_5688@careconnect.org
Amritsar,CareConnect,AMR_CAR_015,Volunteer_3165,Field Volunteer,37,+91-8397289044,volunteer_3165@careconnect.org
Amritsar,CareConnect,AMR_CAR_016,Volunteer_2436,Awareness Campaigner,38,+91-7755352602,volunteer_2436@careconnect.org
Amritsar,CareConnect,AMR_CAR_017,Volunteer_4441,Awareness Campaigner,46,+91-9808305349,volunteer_4441@careconnect.org
Amritsar,CareConnect,AMR_CAR_018,Volunteer_2420,Coordinator,21,+91-9405482821,volunteer_2420@careconnect.org
Amritsar,CareConnect,AMR_CAR_019,Volunteer_5820,Awareness Campaigner,35,+91-7082577445,volunteer_5820@careconnect.org
Amritsar,CareConnect,AMR_CAR_020,Volunteer_2048,Field Volunteer,40,+91-8906417499,volunteer_2048@careconnect.org
Amritsar,ReliefAid,AMR_REL_001,Volunteer_3408,Field Volunteer,34,+91-8288383708,volunteer_3408@reliefaid.org
Amritsar,ReliefAid,AMR_REL_002,Volunteer_5405,Field Volunteer,30,+91-8925806065,volunteer_5405@reliefaid.org
Amritsar,ReliefAid,AMR_REL_003,Volunteer_5256,Coordinator,32,+91-8373982229,volunteer_5256@reliefaid.org
Amritsar,ReliefAid,AMR_REL_004,Volunteer_7087,Medical Assistant,40,+91-9939390552,volunteer_7087@reliefaid.org
Amritsar,ReliefAid,AMR_REL_005,Volunteer_4094,Field Volunteer,38,+91-7454262977,volunteer_4094@reliefaid.org
Amritsar,ReliefAid,AMR_REL_006,Volunteer_3894,Awareness Campaigner,49,+91-9271730399,volunteer_3894@reliefaid.org
Amritsar,ReliefAid,AMR_REL_007,Volunteer_7135,Coordinator,31,+91-9251229272,volunteer_7135@reliefaid.org
Amritsar,ReliefAid,AMR_REL_008,Volunteer_9643,Coordinator,34,+91-9019803845,volunteer_9643@reliefaid.org
Amritsar,ReliefAid,AMR_REL_009,Volunteer_5485,Medical Assistant,33,+91-7348367163,volunteer_5485@reliefaid.org
Amritsar,ReliefAid,AMR_REL_010,Volunteer_4993,Data Analyst,34,+91-8451173515,volunteer_4993@reliefaid.org
Amritsar,ReliefAid,AMR_REL_011,Volunteer_9080,Field Volunteer,20,+91-8012386269,volunteer_9080@reliefaid.org
Amritsar,ReliefAid,AMR_REL_012,Volunteer_6972,Medical Assistant,28,+91-8440415297,volunteer_6972@reliefaid.org
Amritsar,ReliefAid,AMR_REL_013,Volunteer_1724,Field Volunteer,44,+91-8053442865,volunteer_1724@reliefaid.org
Amritsar,ReliefAid,AMR_REL_014,Volunteer_7164,Medical Assistant,35,+91-7783125603,volunteer_7164@reliefaid.org
Amritsar,ReliefAid,AMR_REL_015,Volunteer_8486,Coordinator,45,+91-7941358989,volunteer_8486@reliefaid.org
Amritsar,ReliefAid,AMR_REL_016,Volunteer_3346,Medical Assistant,35,+91-8268539454,volunteer_3346@reliefaid.org
Amritsar,ReliefAid,AMR_REL_017,Volunteer_1912,Data Analyst,21,+91-7874564260,volunteer_1912@reliefaid.org
Amritsar,ReliefAid,AMR_REL_018,Volunteer_1575,Awareness Campaigner,44,+91-9913020525,volunteer_1575@reliefaid.org
Amritsar,ReliefAid,AMR_REL_019,Volunteer_9790,Awareness Campaigner,44,+91-7769024421,volunteer_9790@reliefaid.org
Amritsar,ReliefAid,AMR_REL_020,Volunteer_4643,Field Volunteer,42,+91-8564187413,volunteer_4643@reliefaid.org
Amritsar,MedServe,AMR_MED_001,Volunteer_2311,Data Analyst,30,+91-9453477592,volunteer_2311@medserve.org
Amritsar,MedServe,AMR_MED_002,Volunteer_8765,Awareness Campaigner,46,+91-9589489459,volunteer_8765@medserve.org
Amritsar,MedServe,AMR_MED_003,Volunteer_5480,Coordinator,21,+91-7599026250,volunteer_5480@medserve.org
Amritsar,MedServe,AMR_MED_004,Volunteer_2741,Awareness Campaigner,27,+91-7091584771,volunteer_2741@medserve.org
Amritsar,MedServe,AMR_MED_005,Volunteer_8601,Medical Assistant,22,+91-7254149723,volunteer_8601@medserve.org
Amritsar,MedServe,AMR_MED_006,Volunteer_5047,Coordinator,40,+91-9407306792,volunteer_5047@medserve.org
Amritsar,MedServe,AMR_MED_007,Volunteer_8882,Medical Assistant,31,+91-8347396998,volunteer_8882@medserve.org
Amritsar,MedServe,AMR_MED_008,Volunteer_1888,Medical Assistant,43,+91-9172028294,volunteer_1888@medserve.org
Amritsar,MedServe,AMR_MED_009,Volunteer_9944,Coordinator,24,+91-9243867273,volunteer_9944@medserve.org
Amritsar,MedServe,AMR_MED_010,Volunteer_3529,Data Analyst,32,+91-7666183942,volunteer_3529@medserve.org
Amritsar,MedServe,AMR_MED_011,Volunteer_7471,Coordinator,45,+91-8718270535,volunteer_7471@medserve.org
Amritsar,MedServe,AMR_MED_012,Volunteer_6069,Field Volunteer,27,+91-7925751819,volunteer_6069@medserve.org
Amritsar,MedServe,AMR_MED_013,Volunteer_7402,Field Volunteer,30,+91-8773974674,volunteer_7402@medserve.org
Amritsar,MedServe,AMR_MED_014,Volunteer_1657,Field Volunteer,39,+91-8474981262,volunteer_1657@medserve.org
Amritsar,MedServe,AMR_MED_015,Volunteer_9846,Awareness Campaigner,38,+91-7755029712,volunteer_9846@medserve.org
Amritsar,MedServe,AMR_MED_016,Volunteer_9999,Coordinator,47,+91-9585834611,volunteer_9999@medserve.org
Amritsar,MedServe,AMR_MED_017,Volunteer_4589,Data Analyst,37,+91-9501196180,volunteer_4589@medserve.org
Amritsar,MedServe,AMR_MED_018,Volunteer_3405,Medical Assistant,22,+91-9518935601,volunteer_3405@medserve.org
Amritsar,MedServe,AMR_MED_019,Volunteer_2852,Medical Assistant,38,+91-7290719852,volunteer_2852@medserve.org
Amritsar,MedServe,AMR_MED_020,Volunteer_6370,Field Volunteer,24,+91-9615526703,volunteer_6370@medserve.org
Amritsar,HopeBridge,AMR_HOP_001,Volunteer_8350,Data Analyst,18,+91-7215651011,volunteer_8350@hopebridge.org
Amritsar,HopeBridge,AMR_HOP_002,Volunteer_2637,Awareness Campaigner,47,+91-7151507271,volunteer_2637@hopebridge.org
Amritsar,HopeBridge,AMR_HOP_003,Volunteer_5541,Coordinator,40,+91-7568473661,volunteer_5541@hopebridge.org
Amritsar,HopeBridge,AMR_HOP_004,Volunteer_2324,Coordinator,44,+91-8778288380,volunteer_2324@hopebridge.org
Amritsar,HopeBridge,AMR_HOP_005,Volunteer_3218,Data Analyst,33,+91-8752070051,volunteer_3218@hopebridge.org
Amritsar,HopeBridge,AMR_HOP_006,Volunteer_8410,Coordinator,18,+91-7344580935,volunteer_8410@hopebridge.org
Amritsar,HopeBridge,AMR_HOP_007,Volunteer_2010,Coordinator,34,+91-9982658182,volunteer_2010@hopebridge.org
Amritsar,HopeBridge,AMR_HOP_008,Volunteer_8164,Awareness Campaigner,32,+91-9842029032,volunteer_8164@hopebridge.org
Amritsar,HopeBridge,AMR_HOP_009,Volunteer_2588,Field Volunteer,31,+91-7143474946,volunteer_2588@hopebridge.org
Amritsar,HopeBridge,AMR_HOP_010,Volunteer_1947,Coordinator,27,+91-7783987353,volunteer_1947@hopebridge.org
Amritsar,HopeBridge,AMR_HOP_011,Volunteer_6392,Field Volunteer,26,+91-7667897486,volunteer_6392@hopebridge.org
Amritsar,HopeBridge,AMR_HOP_012,Volunteer_2496,Coordinator,30,+91-8698250006,volunteer_2496@hopebridge.org
Amritsar,HopeBridge,AMR_HOP_013,Volunteer_4325,Medical Assistant,33,+91-9036698401,volunteer_4325@hopebridge.org
Amritsar,HopeBridge,AMR_HOP_014,Volunteer_3104,Medical Assistant,20,+91-8548890363,volunteer_3104@hopebridge.org
Amritsar,HopeBridge,AMR_HOP_015,Volunteer_2624,Coordinator,21,+91-7210386074,volunteer_2624@hopebridge.org
Amritsar,HopeBridge,AMR_HOP_016,Volunteer_2535,Field Volunteer,37,+91-9835973912,volunteer_2535@hopebridge.org
Amritsar,HopeBridge,AMR_HOP_017,Volunteer_3018,Awareness Campaigner,47,+91-9044347214,volunteer_3018@hopebridge.org
Amritsar,HopeBridge,AMR_HOP_018,Volunteer_6940,Medical Assistant,39,+91-7247430176,volunteer_6940@hopebridge.org
Amritsar,HopeBridge,AMR_HOP_019,Volunteer_4640,Coordinator,29,+91-8310618916,volunteer_4640@hopebridge.org
Amritsar,HopeBridge,AMR_HOP_020,Volunteer_3499,Coordinator,21,+91-8545229525,volunteer_3499@hopebridge.org
Patiala,HealthFirst,PAT_HEA_001,Volunteer_3533,Data Analyst,23,+91-7327603198,volunteer_3533@healthfirst.org
Patiala,HealthFirst,PAT_HEA_002,Volunteer_1627,Medical Assistant,39,+91-8598037783,volunteer_1627@healthfirst.org
Patiala,HealthFirst,PAT_HEA_003,Volunteer_8482,Awareness Campaigner,30,+91-7652502720,volunteer_8482@healthfirst.org
Patiala,HealthFirst,PAT_HEA_004,Volunteer_9880,Field Volunteer,23,+91-8109705348,volunteer_9880@healthfirst.org
Patiala,HealthFirst,PAT_HEA_005,Volunteer_2840,Field Volunteer,38,+91-9445221223,volunteer_2840@healthfirst.org
Patiala,HealthFirst,PAT_HEA_006,Volunteer_7727,Data Analyst,31,+91-8428491578,volunteer_7727@healthfirst.org
Patiala,HealthFirst,PAT_HEA_007,Volunteer_8859,Medical Assistant,26,+91-9792835223,volunteer_8859@healthfirst.org
Patiala,HealthFirst,PAT_HEA_008,Volunteer_2491,Data Analyst,25,+91-9235327070,volunteer_2491@healthfirst.org
Patiala,HealthFirst,PAT_HEA_009,Volunteer_8452,Coordinator,25,+91-8708051775,volunteer_8452@healthfirst.org
Patiala,HealthFirst,PAT_HEA_010,Volunteer_6041,Field Volunteer,47,+91-9655532635,volunteer_6041@healthfirst.org
Patiala,HealthFirst,PAT_HEA_011,Volunteer_2461,Medical Assistant,32,+91-8084041487,volunteer_2461@healthfirst.org
Patiala,HealthFirst,PAT_HEA_012,Volunteer_3273,Data Analyst,26,+91-9499253118,volunteer_3273@healthfirst.org
Patiala,HealthFirst,PAT_HEA_013,Volunteer_8188,Medical Assistant,45,+91-7174590834,volunteer_8188@healthfirst.org
Patiala,HealthFirst,PAT_HEA_014,Volunteer_1655,Coordinator,41,+91-8850393115,volunteer_1655@healthfirst.org
Patiala,HealthFirst,PAT_HEA_015,Volunteer_2409,Data Analyst,45,+91-7377322180,volunteer_2409@healthfirst.org
Patiala,HealthFirst,PAT_HEA_016,Volunteer_1512,Field Volunteer,38,+91-8119246346,volunteer_1512@healthfirst.org
Patiala,HealthFirst,PAT_HEA_017,Volunteer_6695,Awareness Campaigner,28,+91-7696552795,volunteer_6695@healthfirst.org
Patiala,HealthFirst,PAT_HEA_018,Volunteer_3984,Data Analyst,49,+91-7148739943,volunteer_3984@healthfirst.org
Patiala,HealthFirst,PAT_HEA_019,Volunteer_1412,Field Volunteer,23,+91-9945262106,volunteer_1412@healthfirst.org
Patiala,HealthFirst,PAT_HEA_020,Volunteer_6706,Medical Assistant,23,+91-7713105802,volunteer_6706@healthfirst.org
Patiala,CareConnect,PAT_CAR_001,Volunteer_6712,Coordinator,23,+91-8367513441,volunteer_6712@careconnect.org
Patiala,CareConnect,PAT_CAR_002,Volunteer_9445,Awareness Campaigner,37,+91-9742693382,volunteer_9445@careconnect.org
Patiala,CareConnect,PAT_CAR_003,Volunteer_6605,Coordinator,21,+91-9654424621,volunteer_6605@careconnect.org
Patiala,CareConnect,PAT_CAR_004,Volunteer_3820,Field Volunteer,29,+91-9039929366,volunteer_3820@careconnect.org
Patiala,CareConnect,PAT_CAR_005,Volunteer_3354,Field Volunteer,49,+91-8055488156,volunteer_3354@careconnect.org
Patiala,CareConnect,PAT_CAR_006,Volunteer_4890,Data Analyst,25,+91-7302579586,volunteer_4890@careconnect.org
Patiala,CareConnect,PAT_CAR_007,Volunteer_8173,Field Volunteer,32,+91-8981509946,volunteer_8173@careconnect.org
Patiala,CareConnect,PAT_CAR_008,Volunteer_7289,Data Analyst,24,+91-9228854355,volunteer_7289@careconnect.org
Patiala,CareConnect,PAT_CAR_009,Volunteer_7247,Field Volunteer,50,+91-9197548576,volunteer_7247@careconnect.org
Patiala,CareConnect,PAT_CAR_010,Volunteer_8784,Awareness Campaigner,38,+91-7474412716,volunteer_8784@careconnect.org
Patiala,CareConnect,PAT_CAR_011,Volunteer_4281,Awareness Campaigner,48,+91-8156356656,volunteer_4281@careconnect.org
Patiala,CareConnect,PAT_CAR_012,Volunteer_5911,Field Volunteer,22,+91-8592584482,volunteer_5911@careconnect.org
Patiala,CareConnect,PAT_CAR_013,Volunteer_5075,Data Analyst,39,+91-8252737032,volunteer_5075@careconnect.org
Patiala,CareConnect,PAT_CAR_014,Volunteer_2149,Medical Assistant,26,+91-9816706949,volunteer_2149@careconnect.org
Patiala,CareConnect,PAT_CAR_015,Volunteer_4067,Awareness Campaigner,21,+91-9032707906,volunteer_4067@careconnect.org
Patiala,CareConnect,PAT_CAR_016,Volunteer_4610,Field Volunteer,44,+91-9865667835,volunteer_4610@careconnect.org
Patiala,CareConnect,PAT_CAR_017,Volunteer_4264,Data Analyst,45,+91-8614792547,volunteer_4264@careconnect.org
Patiala,CareConnect,PAT_CAR_018,Volunteer_5095,Medical Assistant,19,+91-7898893118,volunteer_5095@careconnect.org
Patiala,CareConnect,PAT_CAR_019,Volunteer_6937,Medical Assistant,21,+91-8898957866,volunteer_6937@careconnect.org
Patiala,CareConnect,PAT_CAR_020,Volunteer_3443,Medical Assistant,20,+91-8317477709,volunteer_3443@careconnect.org
Patiala,ReliefAid,PAT_REL_001,Volunteer_1945,Coordinator,30,+91-7779405451,volunteer_1945@reliefaid.org
Patiala,ReliefAid,PAT_REL_002,Volunteer_8208,Medical Assistant,42,+91-7832745153,volunteer_8208@reliefaid.org
Patiala,ReliefAid,PAT_REL_003,Volunteer_5659,Coordinator,37,+91-9432693257,volunteer_5659@reliefaid.org
Patiala,ReliefAid,PAT_REL_004,Volunteer_7162,Coordinator,24,+91-8296219607,volunteer_7162@reliefaid.org
Patiala,ReliefAid,PAT_REL_005,Volunteer_1680,Field Volunteer,19,+91-9048645111,volunteer_1680@reliefaid.org
Patiala,ReliefAid,PAT_REL_006,Volunteer_7935,Awareness Campaigner,22,+91-7905581597,volunteer_7935@reliefaid.org
Patiala,ReliefAid,PAT_REL_007,Volunteer_6705,Awareness Campaigner,45,+91-8532412885,volunteer_6705@reliefaid.org
Patiala,ReliefAid,PAT_REL_008,Volunteer_9818,Coordinator,41,+91-7904437480,volunteer_9818@reliefaid.org
Patiala,ReliefAid,PAT_REL_009,Volunteer_2386,Field Volunteer,27,+91-7178003916,volunteer_2386@reliefaid.org
Patiala,ReliefAid,PAT_REL_010,Volunteer_6117,Coordinator,31,+91-7875868489,volunteer_6117@reliefaid.org
Patiala,ReliefAid,PAT_REL_011,Volunteer_8177,Field Volunteer,31,+91-8658770892,volunteer_8177@reliefaid.org
Patiala,ReliefAid,PAT_REL_012,Volunteer_6613,Awareness Campaigner,42,+91-7832266699,volunteer_6613@reliefaid.org
Patiala,ReliefAid,PAT_REL_013,Volunteer_1798,Awareness Campaigner,43,+91-9668193458,volunteer_1798@reliefaid.org
Patiala,ReliefAid,PAT_REL_014,Volunteer_4487,Awareness Campaigner,27,+91-9871793816,volunteer_4487@reliefaid.org
Patiala,ReliefAid,PAT_REL_015,Volunteer_6818,Awareness Campaigner,40,+91-7771067910,volunteer_6818@reliefaid.org
Patiala,ReliefAid,PAT_REL_016,Volunteer_9622,Field Volunteer,27,+91-9394814882,volunteer_9622@reliefaid.org
Patiala,ReliefAid,PAT_REL_017,Volunteer_6266,Coordinator,35,+91-7618761709,volunteer_6266@reliefaid.org
Patiala,ReliefAid,PAT_REL_018,Volunteer_7745,Coordinator,44,+91-8917274511,volunteer_7745@reliefaid.org
Patiala,ReliefAid,PAT_REL_019,Volunteer_7766,Data Analyst,20,+91-9705101589,volunteer_7766@reliefaid.org
Patiala,ReliefAid,PAT_REL_020,Volunteer_6137,Data Analyst,20,+91-8888661670,volunteer_6137@reliefaid.org
Patiala,MedServe,PAT_MED_001,Volunteer_1550,Coordinator,33,+91-9752359929,volunteer_1550@medserve.org
Patiala,MedServe,PAT_MED_002,Volunteer_7305,Field Volunteer,40,+91-9527807904,volunteer_7305@medserve.org
Patiala,MedServe,PAT_MED_003,Volunteer_6532,Data Analyst,33,+91-8170366014,volunteer_6532@medserve.org
Patiala,MedServe,PAT_MED_004,Volunteer_3059,Data Analyst,48,+91-8153072641,volunteer_3059@medserve.org
Patiala,MedServe,PAT_MED_005,Volunteer_5769,Awareness Campaigner,27,+91-8266457260,volunteer_5769@medserve.org
Patiala,MedServe,PAT_MED_006,Volunteer_5199,Field Volunteer,39,+91-7725580770,volunteer_5199@medserve.org
Patiala,MedServe,PAT_MED_007,Volunteer_1645,Medical Assistant,44,+91-9369329124,volunteer_1645@medserve.org
Patiala,MedServe,PAT_MED_008,Volunteer_8151,Awareness Campaigner,48,+91-8563615661,volunteer_8151@medserve.org
Patiala,MedServe,PAT_MED_009,Volunteer_4917,Coordinator,38,+91-9323977442,volunteer_4917@medserve.org
Patiala,MedServe,PAT_MED_010,Volunteer_1817,Coordinator,48,+91-7388765651,volunteer_1817@medserve.org
Patiala,MedServe,PAT_MED_011,Volunteer_7009,Medical Assistant,18,+91-9542732275,volunteer_7009@medserve.org
Patiala,MedServe,PAT_MED_012,Volunteer_2561,Field Volunteer,32,+91-8483610770,volunteer_2561@medserve.org
Patiala,MedServe,PAT_MED_013,Volunteer_1484,Coordinator,22,+91-9074860497,volunteer_1484@medserve.org
Patiala,MedServe,PAT_MED_014,Volunteer_5354,Awareness Campaigner,43,+91-7311858305,volunteer_5354@medserve.org
Patiala,MedServe,PAT_MED_015,Volunteer_6162,Data Analyst,19,+91-9788799657,volunteer_6162@medserve.org
Patiala,MedServe,PAT_MED_016,Volunteer_8466,Data Analyst,30,+91-8487942314,volunteer_8466@medserve.org
Patiala,MedServe,PAT_MED_017,Volunteer_2640,Data Analyst,42,+91-8990395282,volunteer_2640@medserve.org
Patiala,MedServe,PAT_MED_018,Volunteer_5705,Coordinator,21,+91-7900572180,volunteer_5705@medserve.org
Patiala,MedServe,PAT_MED_019,Volunteer_3535,Medical Assistant,45,+91-7589430168,volunteer_3535@medserve.org
Patiala,MedServe,PAT_MED_020,Volunteer_6061,Data Analyst,29,+91-9571969383,volunteer_6061@medserve.org
Patiala,HopeBridge,PAT_HOP_001,Volunteer_1485,Medical Assistant,41,+91-7279090280,volunteer_1485@hopebridge.org
Patiala,HopeBridge,PAT_HOP_002,Volunteer_7741,Medical Assistant,34,+91-9561591479,volunteer_7741@hopebridge.org
Patiala,HopeBridge,PAT_HOP_003,Volunteer_4173,Medical Assistant,40,+91-7545488013,volunteer_4173@hopebridge.org
Patiala,HopeBridge,PAT_HOP_004,Volunteer_4716,Field Volunteer,20,+91-7410514926,volunteer_4716@hopebridge.org
Patiala,HopeBridge,PAT_HOP_005,Volunteer_9581,Medical Assistant,46,+91-8271047591,volunteer_9581@hopebridge.org
Patiala,HopeBridge,PAT_HOP_006,Volunteer_1390,Coordinator,22,+91-8203130420,volunteer_1390@hopebridge.org
Patiala,HopeBridge,PAT_HOP_007,Volunteer_4441,Medical Assistant,21,+91-8108632886,volunteer_4441@hopebridge.org
Patiala,HopeBridge,PAT_HOP_008,Volunteer_2133,Medical Assistant,29,+91-7786382527,volunteer_2133@hopebridge.org
Patiala,HopeBridge,PAT_HOP_009,Volunteer_3171,Data Analyst,36,+91-8637141719,volunteer_3171@hopebridge.org
Patiala,HopeBridge,PAT_HOP_010,Volunteer_2742,Medical Assistant,34,+91-9768434590,volunteer_2742@hopebridge.org
Patiala,HopeBridge,PAT_HOP_011,Volunteer_2549,Medical Assistant,44,+91-8134423329,volunteer_2549@hopebridge.org
Patiala,HopeBridge,PAT_HOP_012,Volunteer_2299,Coordinator,25,+91-7379841390,volunteer_2299@hopebridge.org
Patiala,HopeBridge,PAT_HOP_013,Volunteer_4528,Data Analyst,47,+91-8331964771,volunteer_4528@hopebridge.org
Patiala,HopeBridge,PAT_HOP_014,Volunteer_3725,Field Volunteer,30,+91-7775175183,volunteer_3725@hopebridge.org
Patiala,HopeBridge,PAT_HOP_015,Volunteer_7511,Data Analyst,24,+91-8850835869,volunteer_7511@hopebridge.org
Patiala,HopeBridge,PAT_HOP_016,Volunteer_8042,Awareness Campaigner,50,+91-8117917515,volunteer_8042@hopebridge.org
Patiala,HopeBridge,PAT_HOP_017,Volunteer_6212,Coordinator,30,+91-9175619996,volunteer_6212@hopebridge.org
Patiala,HopeBridge,PAT_HOP_018,Volunteer_1443,Data Analyst,37,+91-8841234426,volunteer_1443@hopebridge.org
Patiala,HopeBridge,PAT_HOP_019,Volunteer_8779,Awareness Campaigner,39,+91-8237262420,volunteer_8779@hopebridge.org
Patiala,HopeBridge,PAT_HOP_020,Volunteer_8724,Data Analyst,33,+91-7760568503,volunteer_8724@hopebridge.org
Mohali,HealthFirst,MOH_HEA_001,Volunteer_6482,Medical Assistant,38,+91-9786819768,volunteer_6482@healthfirst.org
Mohali,HealthFirst,MOH_HEA_002,Volunteer_9339,Coordinator,44,+91-7065245909,volunteer_9339@healthfirst.org
Mohali,HealthFirst,MOH_HEA_003,Volunteer_2252,Medical Assistant,25,+91-7019383105,volunteer_2252@healthfirst.org
Mohali,HealthFirst,MOH_HEA_004,Volunteer_9569,Data Analyst,38,+91-7633430496,volunteer_9569@healthfirst.org
Mohali,HealthFirst,MOH_HEA_005,Volunteer_2202,Coordinator,22,+91-8838204198,volunteer_2202@healthfirst.org
Mohali,HealthFirst,MOH_HEA_006,Volunteer_6659,Data Analyst,41,+91-8154093771,volunteer_6659@healthfirst.org
Mohali,HealthFirst,MOH_HEA_007,Volunteer_2964,Medical Assistant,42,+91-7783938640,volunteer_2964@healthfirst.org
Mohali,HealthFirst,MOH_HEA_008,Volunteer_1762,Coordinator,20,+91-8479212351,volunteer_1762@healthfirst.org
Mohali,HealthFirst,MOH_HEA_009,Volunteer_5315,Medical Assistant,37,+91-7698447169,volunteer_5315@healthfirst.org
Mohali,HealthFirst,MOH_HEA_010,Volunteer_8787,Data Analyst,35,+91-8646055962,volunteer_8787@healthfirst.org
Mohali,HealthFirst,MOH_HEA_011,Volunteer_4102,Awareness Campaigner,50,+91-9118360110,volunteer_4102@healthfirst.org
Mohali,HealthFirst,MOH_HEA_012,Volunteer_9511,Data Analyst,33,+91-8757476905,volunteer_9511@healthfirst.org
Mohali,HealthFirst,MOH_HEA_013,Volunteer_7605,Coordinator,19,+91-9638678684,volunteer_7605@healthfirst.org
Mohali,HealthFirst,MOH_HEA_014,Volunteer_8833,Awareness Campaigner,49,+91-9479219572,volunteer_8833@healthfirst.org
Mohali,HealthFirst,MOH_HEA_015,Volunteer_9720,Field Volunteer,25,+91-8233547343,volunteer_9720@healthfirst.org
Mohali,HealthFirst,MOH_HEA_016,Volunteer_6138,Awareness Campaigner,37,+91-7275202899,volunteer_6138@healthfirst.org
Mohali,HealthFirst,MOH_HEA_017,Volunteer_1370,Medical Assistant,23,+91-8430893712,volunteer_1370@healthfirst.org
Mohali,HealthFirst,MOH_HEA_018,Volunteer_6504,Data Analyst,31,+91-8493975988,volunteer_6504@healthfirst.org
Mohali,HealthFirst,MOH_HEA_019,Volunteer_8658,Field Volunteer,30,+91-9998523556,volunteer_8658@healthfirst.org
Mohali,HealthFirst,MOH_HEA_020,Volunteer_4758,Data Analyst,37,+91-7116509153,volunteer_4758@healthfirst.org
Mohali,CareConnect,MOH_CAR_001,Volunteer_4739,Awareness Campaigner,20,+91-8611595300,volunteer_4739@careconnect.org
Mohali,CareConnect,MOH_CAR_002,Volunteer_2900,Coordinator,37,+91-9500810208,volunteer_2900@careconnect.org
Mohali,CareConnect,MOH_CAR_003,Volunteer_6911,Medical Assistant,44,+91-9014775955,volunteer_6911@careconnect.org
Mohali,CareConnect,MOH_CAR_004,Volunteer_2455,Field Volunteer,21,+91-7913217786,volunteer_2455@careconnect.org
Mohali,CareConnect,MOH_CAR_005,Volunteer_5099,Data Analyst,28,+91-7368214435,volunteer_5099@careconnect.org
Mohali,CareConnect,MOH_CAR_006,Volunteer_2328,Medical Assistant,28,+91-7572223494,volunteer_2328@careconnect.org
Mohali,CareConnect,MOH_CAR_007,Volunteer_4856,Coordinator,25,+91-8981698473,volunteer_4856@careconnect.org
Mohali,CareConnect,MOH_CAR_008,Volunteer_7926,Awareness Campaigner,50,+91-9112381031,volunteer_7926@careconnect.org
Mohali,CareConnect,MOH_CAR_009,Volunteer_3033,Data Analyst,39,+91-7080835160,volunteer_3033@careconnect.org
Mohali,CareConnect,MOH_CAR_010,Volunteer_9754,Awareness Campaigner,29,+91-7558951485,volunteer_9754@careconnect.org
Mohali,CareConnect,MOH_CAR_011,Volunteer_9241,Data Analyst,40,+91-9971200647,volunteer_9241@careconnect.org
Mohali,CareConnect,MOH_CAR_012,Volunteer_2496,Awareness Campaigner,32,+91-9022307028,volunteer_2496@careconnect.org
Mohali,CareConnect,MOH_CAR_013,Volunteer_6887,Coordinator,41,+91-8805815733,volunteer_6887@careconnect.org
Mohali,CareConnect,MOH_CAR_014,Volunteer_2879,Awareness Campaigner,42,+91-7332301732,volunteer_2879@careconnect.org
Mohali,CareConnect,MOH_CAR_015,Volunteer_2310,Field Volunteer,27,+91-8267436631,volunteer_2310@careconnect.org
Mohali,CareConnect,MOH_CAR_016,Volunteer_7368,Medical Assistant,22,+91-8818198819,volunteer_7368@careconnect.org
Mohali,CareConnect,MOH_CAR_017,Volunteer_3610,Coordinator,41,+91-9191712171,volunteer_3610@careconnect.org
Mohali,CareConnect,MOH_CAR_018,Volunteer_4214,Data Analyst,23,+91-8261247228,volunteer_4214@careconnect.org
Mohali,CareConnect,MOH_CAR_019,Volunteer_9236,Coordinator,43,+91-7651355544,volunteer_9236@careconnect.org
Mohali,CareConnect,MOH_CAR_020,Volunteer_5740,Coordinator,29,+91-9508789816,volunteer_5740@careconnect.org
Mohali,ReliefAid,MOH_REL_001,Volunteer_7086,Awareness Campaigner,28,+91-9797922410,volunteer_7086@reliefaid.org
Mohali,ReliefAid,MOH_REL_002,Volunteer_6112,Awareness Campaigner,49,+91-7286502256,volunteer_6112@reliefaid.org
Mohali,ReliefAid,MOH_REL_003,Volunteer_2263,Coordinator,32,+91-7846290980,volunteer_2263@reliefaid.org
Mohali,ReliefAid,MOH_REL_004,Volunteer_5982,Coordinator,20,+91-8258459678,volunteer_5982@reliefaid.org
Mohali,ReliefAid,MOH_REL_005,Volunteer_3336,Medical Assistant,32,+91-7541410515,volunteer_3336@reliefaid.org
Mohali,ReliefAid,MOH_REL_006,Volunteer_9684,Data Analyst,35,+91-8217959035,volunteer_9684@reliefaid.org
Mohali,ReliefAid,MOH_REL_007,Volunteer_9898,Coordinator,21,+91-9325007567,volunteer_9898@reliefaid.org
Mohali,ReliefAid,MOH_REL_008,Volunteer_6183,Coordinator,44,+91-7668953446,volunteer_6183@reliefaid.org
Mohali,ReliefAid,MOH_REL_009,Volunteer_1826,Data Analyst,43,+91-7458474053,volunteer_1826@reliefaid.org
Mohali,ReliefAid,MOH_REL_010,Volunteer_7956,Field Volunteer,19,+91-8265313961,volunteer_7956@reliefaid.org
Mohali,ReliefAid,MOH_REL_011,Volunteer_3289,Coordinator,29,+91-8798238225,volunteer_3289@reliefaid.org
Mohali,ReliefAid,MOH_REL_012,Volunteer_3414,Coordinator,35,+91-7034632963,volunteer_3414@reliefaid.org
Mohali,ReliefAid,MOH_REL_013,Volunteer_3013,Coordinator,48,+91-7748159846,volunteer_3013@reliefaid.org
Mohali,ReliefAid,MOH_REL_014,Volunteer_6231,Data Analyst,32,+91-7145243531,volunteer_6231@reliefaid.org
Mohali,ReliefAid,MOH_REL_015,Volunteer_4316,Coordinator,35,+91-7253134382,volunteer_4316@reliefaid.org
Mohali,ReliefAid,MOH_REL_016,Volunteer_5686,Field Volunteer,21,+91-8089435874,volunteer_5686@reliefaid.org
Mohali,ReliefAid,MOH_REL_017,Volunteer_1284,Medical Assistant,22,+91-8991679946,volunteer_1284@reliefaid.org
Mohali,ReliefAid,MOH_REL_018,Volunteer_6499,Data Analyst,40,+91-8777045394,volunteer_6499@reliefaid.org
Mohali,ReliefAid,MOH_REL_019,Volunteer_6626,Awareness Campaigner,32,+91-7294051916,volunteer_6626@reliefaid.org
Mohali,ReliefAid,MOH_REL_020,Volunteer_2843,Medical Assistant,50,+91-9183182158,volunteer_2843@reliefaid.org
Mohali,MedServe,MOH_MED_001,Volunteer_6836,Awareness Campaigner,23,+91-9863959637,volunteer_6836@medserve.org
Mohali,MedServe,MOH_MED_002,Volunteer_1171,Awareness Campaigner,20,+91-7090963948,volunteer_1171@medserve.org
Mohali,MedServe,MOH_MED_003,Volunteer_4272,Coordinator,18,+91-7241729026,volunteer_4272@medserve.org
Mohali,MedServe,MOH_MED_004,Volunteer_4277,Awareness Campaigner,35,+91-7098930115,volunteer_4277@medserve.org
Mohali,MedServe,MOH_MED_005,Volunteer_1432,Medical Assistant,30,+91-8185537019,volunteer_1432@medserve.org
Mohali,MedServe,MOH_MED_006,Volunteer_6294,Field Volunteer,37,+91-8577433220,volunteer_6294@medserve.org
Mohali,MedServe,MOH_MED_007,Volunteer_7952,Awareness Campaigner,39,+91-7191464342,volunteer_7952@medserve.org
Mohali,MedServe,MOH_MED_008,Volunteer_1526,Data Analyst,34,+91-7840801743,volunteer_1526@medserve.org
Mohali,MedServe,MOH_MED_009,Volunteer_6042,Data Analyst,34,+91-9320023379,volunteer_6042@medserve.org
Mohali,MedServe,MOH_MED_010,Volunteer_9157,Field Volunteer,21,+91-8916799871,volunteer_9157@medserve.org
Mohali,MedServe,MOH_MED_011,Volunteer_4145,Field Volunteer,38,+91-7446156080,volunteer_4145@medserve.org
Mohali,MedServe,MOH_MED_012,Volunteer_1815,Awareness Campaigner,40,+91-7713141311,volunteer_1815@medserve.org
Mohali,MedServe,MOH_MED_013,Volunteer_9926,Medical Assistant,42,+91-7214543185,volunteer_9926@medserve.org
Mohali,MedServe,MOH_MED_014,Volunteer_4038,Field Volunteer,42,+91-8954312803,volunteer_4038@medserve.org
Mohali,MedServe,MOH_MED_015,Volunteer_8254,Awareness Campaigner,44,+91-7057461235,volunteer_8254@medserve.org
Mohali,MedServe,MOH_MED_016,Volunteer_2280,Field Volunteer,48,+91-8167292134,volunteer_2280@medserve.org
Mohali,MedServe,MOH_MED_017,Volunteer_5494,Awareness Campaigner,37,+91-8626404148,volunteer_5494@medserve.org
Mohali,MedServe,MOH_MED_018,Volunteer_7050,Awareness Campaigner,45,+91-7483192081,volunteer_7050@medserve.org
Mohali,MedServe,MOH_MED_019,Volunteer_4008,Coordinator,49,+91-8766835139,volunteer_4008@medserve.org
Mohali,MedServe,MOH_MED_020,Volunteer_8631,Coordinator,30,+91-9124248660,volunteer_8631@medserve.org
Mohali,HopeBridge,MOH_HOP_001,Volunteer_1185,Field Volunteer,38,+91-7463944478,volunteer_1185@hopebridge.org
Mohali,HopeBridge,MOH_HOP_002,Volunteer_2862,Awareness Campaigner,23,+91-8550649620,volunteer_2862@hopebridge.org
Mohali,HopeBridge,MOH_HOP_003,Volunteer_4311,Coordinator,39,+91-8761733824,volunteer_4311@hopebridge.org
Mohali,HopeBridge,MOH_HOP_004,Volunteer_3182,Data Analyst,31,+91-8867709454,volunteer_3182@hopebridge.org
Mohali,HopeBridge,MOH_HOP_005,Volunteer_7113,Field Volunteer,27,+91-8576199312,volunteer_7113@hopebridge.org
Mohali,HopeBridge,MOH_HOP_006,Volunteer_9962,Field Volunteer,26,+91-9058769440,volunteer_9962@hopebridge.org
Mohali,HopeBridge,MOH_HOP_007,Volunteer_6731,Field Volunteer,24,+91-9175635178,volunteer_6731@hopebridge.org
Mohali,HopeBridge,MOH_HOP_008,Volunteer_3265,Field Volunteer,45,+91-9829383383,volunteer_3265@hopebridge.org
Mohali,HopeBridge,MOH_HOP_009,Volunteer_2237,Medical Assistant,27,+91-8830979603,volunteer_2237@hopebridge.org
Mohali,HopeBridge,MOH_HOP_010,Volunteer_2990,Medical Assistant,39,+91-9896360665,volunteer_2990@hopebridge.org
Mohali,HopeBridge,MOH_HOP_011,Volunteer_2062,Data Analyst,31,+91-8059855902,volunteer_2062@hopebridge.org
Mohali,HopeBridge,MOH_HOP_012,Volunteer_2739,Field Volunteer,33,+91-9235797830,volunteer_2739@hopebridge.org
Mohali,HopeBridge,MOH_HOP_013,Volunteer_3631,Awareness Campaigner,42,+91-9003336925,volunteer_3631@hopebridge.org
Mohali,HopeBridge,MOH_HOP_014,Volunteer_2076,Awareness Campaigner,27,+91-8504284360,volunteer_2076@hopebridge.org
Mohali,HopeBridge,MOH_HOP_015,Volunteer_7350,Awareness Campaigner,30,+91-7807193893,volunteer_7350@hopebridge.org
Mohali,HopeBridge,MOH_HOP_016,Volunteer_3923,Medical Assistant,23,+91-8125272253,volunteer_3923@hopebridge.org
Mohali,HopeBridge,MOH_HOP_017,Volunteer_9333,Medical Assistant,45,+91-7620348785,volunteer_9333@hopebridge.org
Mohali,HopeBridge,MOH_HOP_018,Volunteer_8339,Coordinator,47,+91-9213395454,volunteer_8339@hopebridge.org
Mohali,HopeBridge,MOH_HOP_019,Volunteer_5783,Field Volunteer,36,+91-9545219037,volunteer_5783@hopebridge.org
Mohali,HopeBridge,MOH_HOP_020,Volunteer_2560,Medical Assistant,37,+91-7518025900,volunteer_2560@hopebridge.org
